[[{"location":"/Library/Java/JavaVirtualMachines/jdk1.8.0_40.jdk/Contents/Home","type":"JRE","hints":{"EXECUTION_ENVIRONMENT":"JavaSE-1.8"}},"jre:jre:1.8.0"],[{"location":"/Users/Justin/Documents/Organized Documents/My Documents/School Stuff/CSUSM/Fall 2016/Software Engineering/SE Group Project/Development/Test_Taker","type":"PROJECT","hints":{"PROJECT_NAME":"Test_Taker"}},"ABSENT"],[{"location":"/Library/Java/JavaVirtualMachines/jdk1.8.0_101.jdk/Contents/Home","type":"JRE","hints":{"EXECUTION_ENVIRONMENT":"JavaSE-1.8"}},"jre:jre:1.8.0"],[{"location":"/Users/justin/Documents/Organized Documents/My Documents/School Stuff/CSUSM/Fall 2016/Software Engineering/SE Group Project/Development/Test_Taker","type":"PROJECT","hints":{"PROJECT_NAME":"Test_Taker"}},"ABSENT"]]